MeasureID,GeoType,GeoID,Time,ban_summary_flag,Value,CI,Note,DisplayValue
1,Borough,1,2013,0,1619,,,"1,619"
1,Borough,1,2012,0,1648,,,"1,648"
1,Borough,1,2011,0,1626,,,"1,626"
1,Borough,1,2010,0,1775,,,"1,775"
1,Borough,1,2009,0,1837,,,"1,837"
1,Borough,1,2008,0,1908,,,"1,908"
1,Borough,1,2007,0,1821,,,"1,821"
1,Borough,1,2006,0,1818,,,"1,818"
1,Borough,1,2005,0,1754,,,"1,754"
1,Borough,1,2004,0,1723,,,"1,723"
1,Borough,1,2003,0,1704,,,"1,704"
1,Borough,1,2002,0,1688,,,"1,688"
1,Borough,1,2001,0,1805,,,"1,805"
1,Borough,1,2000,0,1922,,,"1,922"
1,Borough,1,1999,0,1746,,,"1,746"
1,Borough,1,1998,0,1813,,,"1,813"
1,Borough,2,2013,0,2757,,,"2,757"
1,Borough,2,2012,0,2964,,,"2,964"
1,Borough,2,2011,0,2986,,,"2,986"
1,Borough,2,2010,0,3077,,,"3,077"
1,Borough,2,2009,0,3265,,,"3,265"
1,Borough,2,2008,0,3206,,,"3,206"
1,Borough,2,2007,0,3142,,,"3,142"
1,Borough,2,2006,0,3144,,,"3,144"
1,Borough,2,2005,0,3172,,,"3,172"
1,Borough,2,2004,0,3170,,,"3,170"
1,Borough,2,2003,0,3054,,,"3,054"
1,Borough,2,2002,0,3016,,,"3,016"
1,Borough,2,2001,0,3099,,,"3,099"
1,Borough,2,2000,0,3033,,,"3,033"
1,Borough,2,1999,0,2904,,,"2,904"
1,Borough,2,1998,0,3133,,,"3,133"
1,Borough,3,2013,0,1010,,,"1,010"
1,Borough,3,2012,0,1109,,,"1,109"
1,Borough,3,2011,0,1168,,,"1,168"
1,Borough,3,2010,0,1200,,,"1,200"
1,Borough,3,2009,0,1234,,,"1,234"
1,Borough,3,2008,0,1275,,,"1,275"
1,Borough,3,2007,0,1199,,,"1,199"
1,Borough,3,2006,0,1327,,,"1,327"
1,Borough,3,2005,0,1332,,,"1,332"
1,Borough,3,2004,0,1417,,,"1,417"
1,Borough,3,2003,0,1394,,,"1,394"
1,Borough,3,2002,0,1332,,,"1,332"
1,Borough,3,2001,0,1361,,,"1,361"
1,Borough,3,2000,0,1400,,,"1,400"
1,Borough,3,1999,0,1413,,,"1,413"
1,Borough,3,1998,0,1424,,,"1,424"
1,Borough,4,2013,0,1787,,,"1,787"
1,Borough,4,2012,0,1834,,,"1,834"
1,Borough,4,2011,0,1891,,,"1,891"
1,Borough,4,2010,0,1985,,,"1,985"
1,Borough,4,2009,0,1953,,,"1,953"
1,Borough,4,2008,0,2127,,,"2,127"
1,Borough,4,2007,0,2123,,,"2,123"
1,Borough,4,2006,0,2124,,,"2,124"
1,Borough,4,2005,0,2147,,,"2,147"
1,Borough,4,2004,0,2134,,,"2,134"
1,Borough,4,2003,0,2043,,,"2,043"
1,Borough,4,2002,0,1932,,,"1,932"
1,Borough,4,2001,0,1929,,,"1,929"
1,Borough,4,2000,0,2032,,,"2,032"
1,Borough,4,1999,0,1951,,,"1,951"
1,Borough,4,1998,0,2127,,,"2,127"
1,Borough,5,2013,0,339,,,339
1,Borough,5,2012,0,350,,,350
1,Borough,5,2011,0,369,,,369
1,Borough,5,2010,0,369,,,369
1,Borough,5,2009,0,404,,,404
1,Borough,5,2008,0,417,,,417
1,Borough,5,2007,0,435,,,435
1,Borough,5,2006,0,445,,,445
1,Borough,5,2005,0,446,,,446
1,Borough,5,2004,0,499,,,499
1,Borough,5,2003,0,421,,,421
1,Borough,5,2002,0,434,,,434
1,Borough,5,2001,0,409,,,409
1,Borough,5,2000,0,440,,,440
1,Borough,5,1999,0,444,,,444
1,Borough,5,1998,0,427,,,427
1,UHF42,101,2013,0,54,,,54
1,UHF42,101,2012,0,67,,,67
1,UHF42,101,2011,0,59,,,59
1,UHF42,101,2010,0,55,,,55
1,UHF42,101,2009,0,64,,,64
1,UHF42,101,2008,0,59,,,59
1,UHF42,101,2007,0,54,,,54
1,UHF42,101,2006,0,63,,,63
1,UHF42,101,2005,0,69,,,69
1,UHF42,101,2004,0,65,,,65
1,UHF42,101,2003,0,67,,,67
1,UHF42,101,2002,0,49,,,49
1,UHF42,101,2001,0,77,,,77
1,UHF42,101,2000,0,77,,,77
1,UHF42,101,1999,0,65,,,65
1,UHF42,101,1998,0,66,,,66
1,UHF42,102,2013,0,164,,,164
1,UHF42,102,2012,0,151,,,151
1,UHF42,102,2011,0,175,,,175
1,UHF42,102,2010,0,186,,,186
1,UHF42,102,2009,0,183,,,183
1,UHF42,102,2008,0,193,,,193
1,UHF42,102,2007,0,225,,,225
1,UHF42,102,2006,0,187,,,187
1,UHF42,102,2005,0,176,,,176
1,UHF42,102,2004,0,173,,,173
1,UHF42,102,2003,0,155,,,155
1,UHF42,102,2002,0,157,,,157
1,UHF42,102,2001,0,183,,,183
1,UHF42,102,2000,0,194,,,194
1,UHF42,102,1999,0,188,,,188
1,UHF42,102,1998,0,179,,,179
1,UHF42,103,2013,0,294,,,294
1,UHF42,103,2012,0,320,,,320
1,UHF42,103,2011,0,295,,,295
1,UHF42,103,2010,0,357,,,357
1,UHF42,103,2009,0,341,,,341
1,UHF42,103,2008,0,387,,,387
1,UHF42,103,2007,0,370,,,370
1,UHF42,103,2006,0,366,,,366
1,UHF42,103,2005,0,337,,,337
1,UHF42,103,2004,0,325,,,325
1,UHF42,103,2003,0,356,,,356
1,UHF42,103,2002,0,332,,,332
1,UHF42,103,2001,0,360,,,360
1,UHF42,103,2000,0,359,,,359
1,UHF42,103,1999,0,286,,,286
1,UHF42,103,1998,0,325,,,325
1,UHF42,104,2013,0,286,,,286
1,UHF42,104,2012,0,304,,,304
1,UHF42,104,2011,0,288,,,288
1,UHF42,104,2010,0,307,,,307
1,UHF42,104,2009,0,326,,,326
1,UHF42,104,2008,0,349,,,349
1,UHF42,104,2007,0,310,,,310
1,UHF42,104,2006,0,326,,,326
1,UHF42,104,2005,0,295,,,295
1,UHF42,104,2004,0,308,,,308
1,UHF42,104,2003,0,303,,,303
1,UHF42,104,2002,0,305,,,305
1,UHF42,104,2001,0,294,,,294
1,UHF42,104,2000,0,339,,,339
1,UHF42,104,1999,0,316,,,316
1,UHF42,104,1998,0,320,,,320
1,UHF42,105,2013,0,332,,,332
1,UHF42,105,2012,0,302,,,302
1,UHF42,105,2011,0,283,,,283
1,UHF42,105,2010,0,331,,,331
1,UHF42,105,2009,0,338,,,338
1,UHF42,105,2008,0,377,,,377
1,UHF42,105,2007,0,296,,,296
1,UHF42,105,2006,0,373,,,373
1,UHF42,105,2005,0,340,,,340
1,UHF42,105,2004,0,337,,,337
1,UHF42,105,2003,0,330,,,330
1,UHF42,105,2002,0,334,,,334
1,UHF42,105,2001,0,360,,,360
1,UHF42,105,2000,0,361,,,361
1,UHF42,105,1999,0,327,,,327
1,UHF42,105,1998,0,355,,,355
1,UHF42,106,2013,0,313,,,313
1,UHF42,106,2012,0,301,,,301
1,UHF42,106,2011,0,314,,,314
1,UHF42,106,2010,0,332,,,332
1,UHF42,106,2009,0,383,,,383
1,UHF42,106,2008,0,341,,,341
1,UHF42,106,2007,0,343,,,343
1,UHF42,106,2006,0,319,,,319
1,UHF42,106,2005,0,332,,,332
1,UHF42,106,2004,0,332,,,332
1,UHF42,106,2003,0,304,,,304
1,UHF42,106,2002,0,331,,,331
1,UHF42,106,2001,0,337,,,337
1,UHF42,106,2000,0,362,,,362
1,UHF42,106,1999,0,355,,,355
1,UHF42,106,1998,0,355,,,355
1,UHF42,107,2013,0,176,,,176
1,UHF42,107,2012,0,214,,,214
1,UHF42,107,2011,0,218,,,218
1,UHF42,107,2010,0,214,,,214
1,UHF42,107,2009,0,213,,,213
1,UHF42,107,2008,0,219,,,219
1,UHF42,107,2007,0,230,,,230
1,UHF42,107,2006,0,196,,,196
1,UHF42,107,2005,0,214,,,214
1,UHF42,107,2004,0,192,,,192
1,UHF42,107,2003,0,200,,,200
1,UHF42,107,2002,0,190,,,190
1,UHF42,107,2001,0,210,,,210
1,UHF42,107,2000,0,238,,,238
1,UHF42,107,1999,0,217,,,217
1,UHF42,107,1998,0,225,,,225
1,UHF42,201,2013,0,84,,,84
1,UHF42,201,2012,0,104,,,104
1,UHF42,201,2011,0,94,,,94
1,UHF42,201,2010,0,99,,,99
1,UHF42,201,2009,0,116,,,116
1,UHF42,201,2008,0,120,,,120
1,UHF42,201,2007,0,94,,,94
1,UHF42,201,2006,0,119,,,119
1,UHF42,201,2005,0,86,,,86
1,UHF42,201,2004,0,114,,,114
1,UHF42,201,2003,0,123,,,123
1,UHF42,201,2002,0,109,,,109
1,UHF42,201,2001,0,139,,,139
1,UHF42,201,2000,0,97,,,97
1,UHF42,201,1999,0,123,,,123
1,UHF42,201,1998,0,126,,,126
1,UHF42,202,2013,0,231,,,231
1,UHF42,202,2012,0,224,,,224
1,UHF42,202,2011,0,218,,,218
1,UHF42,202,2010,0,226,,,226
1,UHF42,202,2009,0,203,,,203
1,UHF42,202,2008,0,205,,,205
1,UHF42,202,2007,0,222,,,222
1,UHF42,202,2006,0,208,,,208
1,UHF42,202,2005,0,178,,,178
1,UHF42,202,2004,0,206,,,206
1,UHF42,202,2003,0,194,,,194
1,UHF42,202,2002,0,199,,,199
1,UHF42,202,2001,0,179,,,179
1,UHF42,202,2000,0,192,,,192
1,UHF42,202,1999,0,183,,,183
1,UHF42,202,1998,0,225,,,225
1,UHF42,203,2013,0,406,,,406
1,UHF42,203,2012,0,470,,,470
1,UHF42,203,2011,0,514,,,514
1,UHF42,203,2010,0,532,,,532
1,UHF42,203,2009,0,577,,,577
1,UHF42,203,2008,0,558,,,558
1,UHF42,203,2007,0,470,,,470
1,UHF42,203,2006,0,561,,,561
1,UHF42,203,2005,0,611,,,611
1,UHF42,203,2004,0,568,,,568
1,UHF42,203,2003,0,535,,,535
1,UHF42,203,2002,0,552,,,552
1,UHF42,203,2001,0,609,,,609
1,UHF42,203,2000,0,539,,,539
1,UHF42,203,1999,0,569,,,569
1,UHF42,203,1998,0,599,,,599
1,UHF42,204,2013,0,272,,,272
1,UHF42,204,2012,0,295,,,295
1,UHF42,204,2011,0,296,,,296
1,UHF42,204,2010,0,308,,,308
1,UHF42,204,2009,0,340,,,340
1,UHF42,204,2008,0,315,,,315
1,UHF42,204,2007,0,353,,,353
1,UHF42,204,2006,0,368,,,368
1,UHF42,204,2005,0,318,,,318
1,UHF42,204,2004,0,344,,,344
1,UHF42,204,2003,0,314,,,314
1,UHF42,204,2002,0,321,,,321
1,UHF42,204,2001,0,318,,,318
1,UHF42,204,2000,0,291,,,291
1,UHF42,204,1999,0,289,,,289
1,UHF42,204,1998,0,309,,,309
1,UHF42,205,2013,0,183,,,183
1,UHF42,205,2012,0,208,,,208
1,UHF42,205,2011,0,182,,,182
1,UHF42,205,2010,0,196,,,196
1,UHF42,205,2009,0,212,,,212
1,UHF42,205,2008,0,192,,,192
1,UHF42,205,2007,0,244,,,244
1,UHF42,205,2006,0,197,,,197
1,UHF42,205,2005,0,187,,,187
1,UHF42,205,2004,0,185,,,185
1,UHF42,205,2003,0,195,,,195
1,UHF42,205,2002,0,166,,,166
1,UHF42,205,2001,0,171,,,171
1,UHF42,205,2000,0,162,,,162
1,UHF42,205,1999,0,153,,,153
1,UHF42,205,1998,0,179,,,179
1,UHF42,206,2013,0,345,,,345
1,UHF42,206,2012,0,367,,,367
1,UHF42,206,2011,0,398,,,398
1,UHF42,206,2010,0,348,,,348
1,UHF42,206,2009,0,371,,,371
1,UHF42,206,2008,0,359,,,359
1,UHF42,206,2007,0,343,,,343
1,UHF42,206,2006,0,358,,,358
1,UHF42,206,2005,0,346,,,346
1,UHF42,206,2004,0,337,,,337
1,UHF42,206,2003,0,323,,,323
1,UHF42,206,2002,0,318,,,318
1,UHF42,206,2001,0,274,,,274
1,UHF42,206,2000,0,283,,,283
1,UHF42,206,1999,0,272,,,272
1,UHF42,206,1998,0,291,,,291
1,UHF42,207,2013,0,404,,,404
1,UHF42,207,2012,0,394,,,394
1,UHF42,207,2011,0,438,,,438
1,UHF42,207,2010,0,432,,,432
1,UHF42,207,2009,0,488,,,488
1,UHF42,207,2008,0,473,,,473
1,UHF42,207,2007,0,449,,,449
1,UHF42,207,2006,0,438,,,438
1,UHF42,207,2005,0,476,,,476
1,UHF42,207,2004,0,503,,,503
1,UHF42,207,2003,0,454,,,454
1,UHF42,207,2002,0,474,,,474
1,UHF42,207,2001,0,545,,,545
1,UHF42,207,2000,0,547,,,547
1,UHF42,207,1999,0,474,,,474
1,UHF42,207,1998,0,529,,,529
1,UHF42,208,2013,0,211,,,211
1,UHF42,208,2012,0,210,,,210
1,UHF42,208,2011,0,230,,,230
1,UHF42,208,2010,0,258,,,258
1,UHF42,208,2009,0,269,,,269
1,UHF42,208,2008,0,261,,,261
1,UHF42,208,2007,0,271,,,271
1,UHF42,208,2006,0,242,,,242
1,UHF42,208,2005,0,248,,,248
1,UHF42,208,2004,0,237,,,237
1,UHF42,208,2003,0,232,,,232
1,UHF42,208,2002,0,250,,,250
1,UHF42,208,2001,0,223,,,223
1,UHF42,208,2000,0,227,,,227
1,UHF42,208,1999,0,217,,,217
1,UHF42,208,1998,0,217,,,217
1,UHF42,209,2013,0,133,,,133
1,UHF42,209,2012,0,158,,,158
1,UHF42,209,2011,0,146,,,146
1,UHF42,209,2010,0,139,,,139
1,UHF42,209,2009,0,161,,,161
1,UHF42,209,2008,0,154,,,154
1,UHF42,209,2007,0,153,,,153
1,UHF42,209,2006,0,144,,,144
1,UHF42,209,2005,0,183,,,183
1,UHF42,209,2004,0,136,,,136
1,UHF42,209,2003,0,157,,,157
1,UHF42,209,2002,0,115,,,115
1,UHF42,209,2001,0,130,,,130
1,UHF42,209,2000,0,155,,,155
1,UHF42,209,1999,0,117,,,117
1,UHF42,209,1998,0,162,,,162
1,UHF42,210,2013,0,222,,,222
1,UHF42,210,2012,0,257,,,257
1,UHF42,210,2011,0,212,,,212
1,UHF42,210,2010,0,234,,,234
1,UHF42,210,2009,0,222,,,222
1,UHF42,210,2008,0,239,,,239
1,UHF42,210,2007,0,252,,,252
1,UHF42,210,2006,0,228,,,228
1,UHF42,210,2005,0,201,,,201
1,UHF42,210,2004,0,223,,,223
1,UHF42,210,2003,0,210,,,210
1,UHF42,210,2002,0,212,,,212
1,UHF42,210,2001,0,201,,,201
1,UHF42,210,2000,0,199,,,199
1,UHF42,210,1999,0,169,,,169
1,UHF42,210,1998,0,186,,,186
1,UHF42,211,2013,0,230,,,230
1,UHF42,211,2012,0,266,,,266
1,UHF42,211,2011,0,256,,,256
1,UHF42,211,2010,0,304,,,304
1,UHF42,211,2009,0,304,,,304
1,UHF42,211,2008,0,327,,,327
1,UHF42,211,2007,0,291,,,291
1,UHF42,211,2006,0,281,,,281
1,UHF42,211,2005,0,338,,,338
1,UHF42,211,2004,0,317,,,317
1,UHF42,211,2003,0,317,,,317
1,UHF42,211,2002,0,300,,,300
1,UHF42,211,2001,0,309,,,309
1,UHF42,211,2000,0,341,,,341
1,UHF42,211,1999,0,338,,,338
1,UHF42,211,1998,0,310,,,310
1,UHF42,301,2013,0,204,,,204
1,UHF42,301,2012,0,211,,,211
1,UHF42,301,2011,0,228,,,228
1,UHF42,301,2010,0,240,,,240
1,UHF42,301,2009,0,246,,,246
1,UHF42,301,2008,0,239,,,239
1,UHF42,301,2007,0,231,,,231
1,UHF42,301,2006,0,289,,,289
1,UHF42,301,2005,0,290,,,290
1,UHF42,301,2004,0,303,,,303
1,UHF42,301,2003,0,366,,,366
1,UHF42,301,2002,0,326,,,326
1,UHF42,301,2001,0,315,,,315
1,UHF42,301,2000,0,312,,,312
1,UHF42,301,1999,0,362,,,362
1,UHF42,301,1998,0,386,,,386
1,UHF42,302,2013,0,174,,,174
1,UHF42,302,2012,0,180,,,180
1,UHF42,302,2011,0,186,,,186
1,UHF42,302,2010,0,214,,,214
1,UHF42,302,2009,0,201,,,201
1,UHF42,302,2008,0,224,,,224
1,UHF42,302,2007,0,198,,,198
1,UHF42,302,2006,0,191,,,191
1,UHF42,302,2005,0,206,,,206
1,UHF42,302,2004,0,204,,,204
1,UHF42,302,2003,0,216,,,216
1,UHF42,302,2002,0,195,,,195
1,UHF42,302,2001,0,234,,,234
1,UHF42,302,2000,0,239,,,239
1,UHF42,302,1999,0,235,,,235
1,UHF42,302,1998,0,243,,,243
1,UHF42,303,2013,0,113,,,113
1,UHF42,303,2012,0,114,,,114
1,UHF42,303,2011,0,133,,,133
1,UHF42,303,2010,0,153,,,153
1,UHF42,303,2009,0,159,,,159
1,UHF42,303,2008,0,163,,,163
1,UHF42,303,2007,0,130,,,130
1,UHF42,303,2006,0,156,,,156
1,UHF42,303,2005,0,178,,,178
1,UHF42,303,2004,0,181,,,181
1,UHF42,303,2003,0,163,,,163
1,UHF42,303,2002,0,157,,,157
1,UHF42,303,2001,0,185,,,185
1,UHF42,303,2000,0,197,,,197
1,UHF42,303,1999,0,202,,,202
1,UHF42,303,1998,0,195,,,195
1,UHF42,304,2013,0,105,,,105
1,UHF42,304,2012,0,145,,,145
1,UHF42,304,2011,0,152,,,152
1,UHF42,304,2010,0,139,,,139
1,UHF42,304,2009,0,147,,,147
1,UHF42,304,2008,0,131,,,131
1,UHF42,304,2007,0,151,,,151
1,UHF42,304,2006,0,140,,,140
1,UHF42,304,2005,0,173,,,173
1,UHF42,304,2004,0,170,,,170
1,UHF42,304,2003,0,161,,,161
1,UHF42,304,2002,0,180,,,180
1,UHF42,304,2001,0,149,,,149
1,UHF42,304,2000,0,157,,,157
1,UHF42,304,1999,0,137,,,137
1,UHF42,304,1998,0,145,,,145
1,UHF42,305,2013,0,101,,,101
1,UHF42,305,2012,0,96,,,96
1,UHF42,305,2011,0,110,,,110
1,UHF42,305,2010,0,133,,,133
1,UHF42,305,2009,0,143,,,143
1,UHF42,305,2008,0,123,,,123
1,UHF42,305,2007,0,122,,,122
1,UHF42,305,2006,0,159,,,159
1,UHF42,305,2005,0,124,,,124
1,UHF42,305,2004,0,165,,,165
1,UHF42,305,2003,0,127,,,127
1,UHF42,305,2002,0,141,,,141
1,UHF42,305,2001,0,124,,,124
1,UHF42,305,2000,0,132,,,132
1,UHF42,305,1999,0,125,,,125
1,UHF42,305,1998,0,116,,,116
1,UHF42,306,2013,0,75,,,75
1,UHF42,306,2012,0,73,,,73
1,UHF42,306,2011,0,73,,,73
1,UHF42,306,2010,0,62,,,62
1,UHF42,306,2009,0,63,,,63
1,UHF42,306,2008,0,72,,,72
1,UHF42,306,2007,0,70,,,70
1,UHF42,306,2006,0,83,,,83
1,UHF42,306,2005,0,78,,,78
1,UHF42,306,2004,0,91,,,91
1,UHF42,306,2003,0,70,,,70
1,UHF42,306,2002,0,81,,,81
1,UHF42,306,2001,0,66,,,66
1,UHF42,306,2000,0,87,,,87
1,UHF42,306,1999,0,90,,,90
1,UHF42,306,1998,0,71,,,71
1,UHF42,307,2013,0,41,,,41
1,UHF42,307,2012,0,61,,,61
1,UHF42,307,2011,0,65,,,65
1,UHF42,307,2010,0,59,,,59
1,UHF42,307,2009,0,56,,,56
1,UHF42,307,2008,0,62,,,62
1,UHF42,307,2007,0,61,,,61
1,UHF42,307,2006,0,58,,,58
1,UHF42,307,2005,0,65,,,65
1,UHF42,307,2004,0,71,,,71
1,UHF42,307,2003,0,65,,,65
1,UHF42,307,2002,0,34,,,34
1,UHF42,307,2001,0,57,,,57
1,UHF42,307,2000,0,44,,,44
1,UHF42,307,1999,0,61,,,61
1,UHF42,307,1998,0,44,,,44
1,UHF42,308,2013,0,38,,,38
1,UHF42,308,2012,0,38,,,38
1,UHF42,308,2011,0,40,,,40
1,UHF42,308,2010,0,31,,,31
1,UHF42,308,2009,0,39,,,39
1,UHF42,308,2008,0,42,,,42
1,UHF42,308,2007,0,43,,,43
1,UHF42,308,2006,0,43,,,43
1,UHF42,308,2005,0,34,,,34
1,UHF42,308,2004,0,49,,,49
1,UHF42,308,2003,0,39,,,39
1,UHF42,308,2002,0,32,,,32
1,UHF42,308,2001,0,45,,,45
1,UHF42,308,2000,0,33,,,33
1,UHF42,308,1999,0,25,,,25
1,UHF42,308,1998,0,28,,,28
1,UHF42,309,2013,0,116,,,116
1,UHF42,309,2012,0,118,,,118
1,UHF42,309,2011,0,141,,,141
1,UHF42,309,2010,0,121,,,121
1,UHF42,309,2009,0,134,,,134
1,UHF42,309,2008,0,151,,,151
1,UHF42,309,2007,0,147,,,147
1,UHF42,309,2006,0,155,,,155
1,UHF42,309,2005,0,147,,,147
1,UHF42,309,2004,0,152,,,152
1,UHF42,309,2003,0,153,,,153
1,UHF42,309,2002,0,153,,,153
1,UHF42,309,2001,0,148,,,148
1,UHF42,309,2000,0,158,,,158
1,UHF42,309,1999,0,143,,,143
1,UHF42,309,1998,0,164,,,164
1,UHF42,310,2013,0,43,,,43
1,UHF42,310,2012,0,62,,,62
1,UHF42,310,2011,0,32,,,32
1,UHF42,310,2010,0,41,,,41
1,UHF42,310,2009,0,35,,,35
1,UHF42,310,2008,0,51,,,51
1,UHF42,310,2007,0,38,,,38
1,UHF42,310,2006,0,41,,,41
1,UHF42,310,2005,0,27,,,27
1,UHF42,310,2004,0,22,,,22
1,UHF42,310,2003,0,22,,,22
1,UHF42,310,2002,0,23,,,23
1,UHF42,310,2001,0,21,,,21
1,UHF42,310,2000,0,31,,,31
1,UHF42,310,1999,0,22,,,22
1,UHF42,310,1998,0,18,,,18
1,UHF42,401,2013,0,142,,,142
1,UHF42,401,2012,0,149,,,149
1,UHF42,401,2011,0,161,,,161
1,UHF42,401,2010,0,177,,,177
1,UHF42,401,2009,0,149,,,149
1,UHF42,401,2008,0,168,,,168
1,UHF42,401,2007,0,169,,,169
1,UHF42,401,2006,0,167,,,167
1,UHF42,401,2005,0,161,,,161
1,UHF42,401,2004,0,166,,,166
1,UHF42,401,2003,0,187,,,187
1,UHF42,401,2002,0,185,,,185
1,UHF42,401,2001,0,166,,,166
1,UHF42,401,2000,0,206,,,206
1,UHF42,401,1999,0,222,,,222
1,UHF42,401,1998,0,190,,,190
1,UHF42,402,2013,0,432,,,432
1,UHF42,402,2012,0,434,,,434
1,UHF42,402,2011,0,451,,,451
1,UHF42,402,2010,0,456,,,456
1,UHF42,402,2009,0,470,,,470
1,UHF42,402,2008,0,504,,,504
1,UHF42,402,2007,0,483,,,483
1,UHF42,402,2006,0,516,,,516
1,UHF42,402,2005,0,517,,,517
1,UHF42,402,2004,0,510,,,510
1,UHF42,402,2003,0,501,,,501
1,UHF42,402,2002,0,471,,,471
1,UHF42,402,2001,0,470,,,470
1,UHF42,402,2000,0,484,,,484
1,UHF42,402,1999,0,467,,,467
1,UHF42,402,1998,0,521,,,521
1,UHF42,403,2013,0,145,,,145
1,UHF42,403,2012,0,160,,,160
1,UHF42,403,2011,0,151,,,151
1,UHF42,403,2010,0,166,,,166
1,UHF42,403,2009,0,143,,,143
1,UHF42,403,2008,0,167,,,167
1,UHF42,403,2007,0,176,,,176
1,UHF42,403,2006,0,169,,,169
1,UHF42,403,2005,0,122,,,122
1,UHF42,403,2004,0,149,,,149
1,UHF42,403,2003,0,132,,,132
1,UHF42,403,2002,0,131,,,131
1,UHF42,403,2001,0,128,,,128
1,UHF42,403,2000,0,136,,,136
1,UHF42,403,1999,0,128,,,128
1,UHF42,403,1998,0,144,,,144
1,UHF42,404,2013,0,29,,,29
1,UHF42,404,2012,0,30,,,30
1,UHF42,404,2011,0,21,,,21
1,UHF42,404,2010,0,29,,,29
1,UHF42,404,2009,0,19,,,19
1,UHF42,404,2008,0,20,,,20
1,UHF42,404,2007,0,38,,,38
1,UHF42,404,2006,0,36,,,36
1,UHF42,404,2005,0,33,,,33
1,UHF42,404,2004,0,31,,,31
1,UHF42,404,2003,0,28,,,28
1,UHF42,404,2002,0,38,,,38
1,UHF42,404,2001,0,33,,,33
1,UHF42,404,2000,0,23,,,23
1,UHF42,404,1999,0,26,,,26
1,UHF42,404,1998,0,41,,,41
1,UHF42,405,2013,0,178,,,178
1,UHF42,405,2012,0,167,,,167
1,UHF42,405,2011,0,188,,,188
1,UHF42,405,2010,0,146,,,146
1,UHF42,405,2009,0,187,,,187
1,UHF42,405,2008,0,169,,,169
1,UHF42,405,2007,0,213,,,213
1,UHF42,405,2006,0,177,,,177
1,UHF42,405,2005,0,213,,,213
1,UHF42,405,2004,0,203,,,203
1,UHF42,405,2003,0,177,,,177
1,UHF42,405,2002,0,161,,,161
1,UHF42,405,2001,0,160,,,160
1,UHF42,405,2000,0,172,,,172
1,UHF42,405,1999,0,144,,,144
1,UHF42,405,1998,0,152,,,152
1,UHF42,406,2013,0,61,,,61
1,UHF42,406,2012,0,66,,,66
1,UHF42,406,2011,0,72,,,72
1,UHF42,406,2010,0,75,,,75
1,UHF42,406,2009,0,70,,,70
1,UHF42,406,2008,0,74,,,74
1,UHF42,406,2007,0,66,,,66
1,UHF42,406,2006,0,50,,,50
1,UHF42,406,2005,0,68,,,68
1,UHF42,406,2004,0,66,,,66
1,UHF42,406,2003,0,62,,,62
1,UHF42,406,2002,0,72,,,72
1,UHF42,406,2001,0,53,,,53
1,UHF42,406,2000,0,69,,,69
1,UHF42,406,1999,0,56,,,56
1,UHF42,406,1998,0,51,,,51
1,UHF42,407,2013,0,241,,,241
1,UHF42,407,2012,0,246,,,246
1,UHF42,407,2011,0,265,,,265
1,UHF42,407,2010,0,280,,,280
1,UHF42,407,2009,0,278,,,278
1,UHF42,407,2008,0,299,,,299
1,UHF42,407,2007,0,318,,,318
1,UHF42,407,2006,0,308,,,308
1,UHF42,407,2005,0,344,,,344
1,UHF42,407,2004,0,331,,,331
1,UHF42,407,2003,0,283,,,283
1,UHF42,407,2002,0,269,,,269
1,UHF42,407,2001,0,280,,,280
1,UHF42,407,2000,0,294,,,294
1,UHF42,407,1999,0,290,,,290
1,UHF42,407,1998,0,333,,,333
1,UHF42,408,2013,0,310,,,310
1,UHF42,408,2012,0,319,,,319
1,UHF42,408,2011,0,336,,,336
1,UHF42,408,2010,0,378,,,378
1,UHF42,408,2009,0,342,,,342
1,UHF42,408,2008,0,395,,,395
1,UHF42,408,2007,0,369,,,369
1,UHF42,408,2006,0,377,,,377
1,UHF42,408,2005,0,370,,,370
1,UHF42,408,2004,0,383,,,383
1,UHF42,408,2003,0,338,,,338
1,UHF42,408,2002,0,337,,,337
1,UHF42,408,2001,0,339,,,339
1,UHF42,408,2000,0,308,,,308
1,UHF42,408,1999,0,334,,,334
1,UHF42,408,1998,0,389,,,389
1,UHF42,409,2013,0,141,,,141
1,UHF42,409,2012,0,153,,,153
1,UHF42,409,2011,0,145,,,145
1,UHF42,409,2010,0,149,,,149
1,UHF42,409,2009,0,154,,,154
1,UHF42,409,2008,0,206,,,206
1,UHF42,409,2007,0,158,,,158
1,UHF42,409,2006,0,185,,,185
1,UHF42,409,2005,0,182,,,182
1,UHF42,409,2004,0,169,,,169
1,UHF42,409,2003,0,193,,,193
1,UHF42,409,2002,0,151,,,151
1,UHF42,409,2001,0,183,,,183
1,UHF42,409,2000,0,191,,,191
1,UHF42,409,1999,0,168,,,168
1,UHF42,409,1998,0,165,,,165
1,UHF42,410,2013,0,108,,,108
1,UHF42,410,2012,0,110,,,110
1,UHF42,410,2011,0,99,,,99
1,UHF42,410,2010,0,129,,,129
1,UHF42,410,2009,0,143,,,143
1,UHF42,410,2008,0,128,,,128
1,UHF42,410,2007,0,133,,,133
1,UHF42,410,2006,0,139,,,139
1,UHF42,410,2005,0,137,,,137
1,UHF42,410,2004,0,126,,,126
1,UHF42,410,2003,0,142,,,142
1,UHF42,410,2002,0,117,,,117
1,UHF42,410,2001,0,117,,,117
1,UHF42,410,2000,0,149,,,149
1,UHF42,410,1999,0,115,,,115
1,UHF42,410,1998,0,140,,,140
1,UHF42,501,2013,0,85,,,85
1,UHF42,501,2012,0,85,,,85
1,UHF42,501,2011,0,70,,,70
1,UHF42,501,2010,0,88,,,88
1,UHF42,501,2009,0,89,,,89
1,UHF42,501,2008,0,106,,,106
1,UHF42,501,2007,0,98,,,98
1,UHF42,501,2006,0,89,,,89
1,UHF42,501,2005,0,97,,,97
1,UHF42,501,2004,0,95,,,95
1,UHF42,501,2003,0,91,,,91
1,UHF42,501,2002,0,70,,,70
1,UHF42,501,2001,0,93,,,93
1,UHF42,501,2000,0,91,,,91
1,UHF42,501,1999,0,92,,,92
1,UHF42,501,1998,0,85,,,85
1,UHF42,502,2013,0,101,,,101
1,UHF42,502,2012,0,116,,,116
1,UHF42,502,2011,0,120,,,120
1,UHF42,502,2010,0,112,,,112
1,UHF42,502,2009,0,140,,,140
1,UHF42,502,2008,0,127,,,127
1,UHF42,502,2007,0,132,,,132
1,UHF42,502,2006,0,127,,,127
1,UHF42,502,2005,0,133,,,133
1,UHF42,502,2004,0,156,,,156
1,UHF42,502,2003,0,130,,,130
1,UHF42,502,2002,0,157,,,157
1,UHF42,502,2001,0,141,,,141
1,UHF42,502,2000,0,119,,,119
1,UHF42,502,1999,0,142,,,142
1,UHF42,502,1998,0,133,,,133
1,UHF42,503,2013,0,59,,,59
1,UHF42,503,2012,0,56,,,56
1,UHF42,503,2011,0,59,,,59
1,UHF42,503,2010,0,64,,,64
1,UHF42,503,2009,0,52,,,52
1,UHF42,503,2008,0,63,,,63
1,UHF42,503,2007,0,70,,,70
1,UHF42,503,2006,0,66,,,66
1,UHF42,503,2005,0,70,,,70
1,UHF42,503,2004,0,76,,,76
1,UHF42,503,2003,0,68,,,68
1,UHF42,503,2002,0,64,,,64
1,UHF42,503,2001,0,61,,,61
1,UHF42,503,2000,0,78,,,78
1,UHF42,503,1999,0,77,,,77
1,UHF42,503,1998,0,73,,,73
1,UHF42,504,2013,0,94,,,94
1,UHF42,504,2012,0,93,,,93
1,UHF42,504,2011,0,119,,,119
1,UHF42,504,2010,0,105,,,105
1,UHF42,504,2009,0,123,,,123
1,UHF42,504,2008,0,121,,,121
1,UHF42,504,2007,0,135,,,135
1,UHF42,504,2006,0,163,,,163
1,UHF42,504,2005,0,146,,,146
1,UHF42,504,2004,0,172,,,172
1,UHF42,504,2003,0,132,,,132
1,UHF42,504,2002,0,143,,,143
1,UHF42,504,2001,0,114,,,114
1,UHF42,504,2000,0,152,,,152
1,UHF42,504,1999,0,133,,,133
1,UHF42,504,1998,0,136,,,136
1,Citywide,1,2013,0,7512,,,"7,512"
1,Citywide,1,2012,0,7905,,,"7,905"
1,Citywide,1,2011,0,8040,,,"8,040"
1,Citywide,1,2010,0,8406,,,"8,406"
1,Citywide,1,2009,0,8693,,,"8,693"
1,Citywide,1,2008,0,8933,,,"8,933"
1,Citywide,1,2007,0,8720,,,"8,720"
1,Citywide,1,2006,0,8858,,,"8,858"
1,Citywide,1,2005,0,8851,,,"8,851"
1,Citywide,1,2004,0,8943,,,"8,943"
1,Citywide,1,2003,0,8616,,,"8,616"
1,Citywide,1,2002,0,8402,,,"8,402"
1,Citywide,1,2001,0,8603,,,"8,603"
1,Citywide,1,2000,0,8827,,,"8,827"
1,Citywide,1,1999,0,8458,,,"8,458"
1,Citywide,1,1998,0,8924,,,"8,924"
2,Borough,1,2013,0,8.4,,,8.4
2,Borough,1,2012,0,8.5,,,8.5
2,Borough,1,2011,0,8.2,,,8.2
2,Borough,1,2010,0,8.6,,,8.6
2,Borough,1,2009,0,8.7,,,8.7
2,Borough,1,2008,0,9,,,9.0
2,Borough,1,2007,0,8.7,,,8.7
2,Borough,1,2006,0,8.8,,,8.8
2,Borough,1,2005,0,8.7,,,8.7
2,Borough,1,2004,0,8.5,,,8.5
2,Borough,1,2003,0,8.3,,,8.3
2,Borough,1,2002,0,8.2,,,8.2
2,Borough,1,2001,0,8.6,,,8.6
2,Borough,1,2000,0,9.2,,,9.2
2,Borough,1,1999,0,8.4,,,8.4
2,Borough,1,1998,0,8.7,,,8.7
2,Borough,2,2013,0,7,,,7.0
2,Borough,2,2012,0,7.3,,,7.3
2,Borough,2,2011,0,7.5,,,7.5
2,Borough,2,2010,0,7.7,,,7.7
2,Borough,2,2009,0,8.1,,,8.1
2,Borough,2,2008,0,8,,,8.0
2,Borough,2,2007,0,7.8,,,7.8
2,Borough,2,2006,0,8.1,,,8.1
2,Borough,2,2005,0,8.4,,,8.4
2,Borough,2,2004,0,8.3,,,8.3
2,Borough,2,2003,0,8,,,8.0
2,Borough,2,2002,0,8,,,8.0
2,Borough,2,2001,0,8.1,,,8.1
2,Borough,2,2000,0,7.9,,,7.9
2,Borough,2,1999,0,7.6,,,7.6
2,Borough,2,1998,0,8.2,,,8.2
2,Borough,3,2013,0,5.8,,,5.8
2,Borough,3,2012,0,6.1,,,6.1
2,Borough,3,2011,0,6.4,,,6.4
2,Borough,3,2010,0,6.5,,,6.5
2,Borough,3,2009,0,6.5,,,6.5
2,Borough,3,2008,0,6.7,,,6.7
2,Borough,3,2007,0,6.2,,,6.2
2,Borough,3,2006,0,6.9,,,6.9
2,Borough,3,2005,0,7,,,7.0
2,Borough,3,2004,0,7.4,,,7.4
2,Borough,3,2003,0,7.2,,,7.2
2,Borough,3,2002,0,7.1,,,7.1
2,Borough,3,2001,0,7.2,,,7.2
2,Borough,3,2000,0,7.3,,,7.3
2,Borough,3,1999,0,7.5,,,7.5
2,Borough,3,1998,0,7.7,,,7.7
2,Borough,4,2013,0,6.9,,,6.9
2,Borough,4,2012,0,7,,,7.0
2,Borough,4,2011,0,7.3,,,7.3
2,Borough,4,2010,0,7.6,,,7.6
2,Borough,4,2009,0,7.3,,,7.3
2,Borough,4,2008,0,7.8,,,7.8
2,Borough,4,2007,0,7.7,,,7.7
2,Borough,4,2006,0,7.9,,,7.9
2,Borough,4,2005,0,8.2,,,8.2
2,Borough,4,2004,0,8,,,8.0
2,Borough,4,2003,0,7.7,,,7.7
2,Borough,4,2002,0,7.3,,,7.3
2,Borough,4,2001,0,7.3,,,7.3
2,Borough,4,2000,0,7.3,,,7.3
2,Borough,4,1999,0,7.1,,,7.1
2,Borough,4,1998,0,7.7,,,7.7
2,Borough,5,2013,0,6.8,,,6.8
2,Borough,5,2012,0,7,,,7.0
2,Borough,5,2011,0,7,,,7.0
2,Borough,5,2010,0,6.9,,,6.9
2,Borough,5,2009,0,7.4,,,7.4
2,Borough,5,2008,0,7.6,,,7.6
2,Borough,5,2007,0,7.8,,,7.8
2,Borough,5,2006,0,8.1,,,8.1
2,Borough,5,2005,0,8.4,,,8.4
2,Borough,5,2004,0,9,,,9.0
2,Borough,5,2003,0,7.4,,,7.4
2,Borough,5,2002,0,7.9,,,7.9
2,Borough,5,2001,0,7.6,,,7.6
2,Borough,5,2000,0,7.8,,,7.8
2,Borough,5,1999,0,8.1,,,8.1
2,Borough,5,1998,0,7.8,,,7.8
2,UHF42,101,2013,0,5.8,,,5.8
2,UHF42,101,2012,0,6.9,,,6.9
2,UHF42,101,2011,0,6.5,,,6.5
2,UHF42,101,2010,0,5.6,,,5.6
2,UHF42,101,2009,0,6.6,,,6.6
2,UHF42,101,2008,0,5.9,,,5.9
2,UHF42,101,2007,0,5.6,,,5.6
2,UHF42,101,2006,0,6.8,,,6.8
2,UHF42,101,2005,0,7.3,,,7.3
2,UHF42,101,2004,0,7.5,,,7.5
2,UHF42,101,2003,0,7.2,,,7.2
2,UHF42,101,2002,0,5.5,,,5.5
2,UHF42,101,2001,0,8.1,,,8.1
2,UHF42,101,2000,0,7.9,,,7.9
2,UHF42,101,1999,0,7.2,,,7.2
2,UHF42,101,1998,0,6.9,,,6.9
2,UHF42,102,2013,0,9.2,,,9.2
2,UHF42,102,2012,0,8.5,,,8.5
2,UHF42,102,2011,0,9.2,,,9.2
2,UHF42,102,2010,0,9.4,,,9.4
2,UHF42,102,2009,0,8.9,,,8.9
2,UHF42,102,2008,0,9.3,,,9.3
2,UHF42,102,2007,0,10.5,,,10.5
2,UHF42,102,2006,0,8.9,,,8.9
2,UHF42,102,2005,0,9,,,9.0
2,UHF42,102,2004,0,8.8,,,8.8
2,UHF42,102,2003,0,7.6,,,7.6
2,UHF42,102,2002,0,7.9,,,7.9
2,UHF42,102,2001,0,8.8,,,8.8
2,UHF42,102,2000,0,9.7,,,9.7
2,UHF42,102,1999,0,9.4,,,9.4
2,UHF42,102,1998,0,8.9,,,8.9
2,UHF42,103,2013,0,7.7,,,7.7
2,UHF42,103,2012,0,8.2,,,8.2
2,UHF42,103,2011,0,7.4,,,7.4
2,UHF42,103,2010,0,8.7,,,8.7
2,UHF42,103,2009,0,8.1,,,8.1
2,UHF42,103,2008,0,9.2,,,9.2
2,UHF42,103,2007,0,9,,,9.0
2,UHF42,103,2006,0,8.8,,,8.8
2,UHF42,103,2005,0,8.1,,,8.1
2,UHF42,103,2004,0,7.8,,,7.8
2,UHF42,103,2003,0,8.5,,,8.5
2,UHF42,103,2002,0,7.7,,,7.7
2,UHF42,103,2001,0,8.2,,,8.2
2,UHF42,103,2000,0,8.2,,,8.2
2,UHF42,103,1999,0,6.6,,,6.6
2,UHF42,103,1998,0,7.3,,,7.3
2,UHF42,104,2013,0,8,,,8.0
2,UHF42,104,2012,0,8.7,,,8.7
2,UHF42,104,2011,0,8,,,8.0
2,UHF42,104,2010,0,8.2,,,8.2
2,UHF42,104,2009,0,8.2,,,8.2
2,UHF42,104,2008,0,9,,,9.0
2,UHF42,104,2007,0,8.1,,,8.1
2,UHF42,104,2006,0,8.8,,,8.8
2,UHF42,104,2005,0,8.4,,,8.4
2,UHF42,104,2004,0,8.4,,,8.4
2,UHF42,104,2003,0,8.2,,,8.2
2,UHF42,104,2002,0,8.2,,,8.2
2,UHF42,104,2001,0,7.9,,,7.9
2,UHF42,104,2000,0,9,,,9.0
2,UHF42,104,1999,0,8.5,,,8.5
2,UHF42,104,1998,0,8.5,,,8.5
2,UHF42,105,2013,0,9.6,,,9.6
2,UHF42,105,2012,0,8.4,,,8.4
2,UHF42,105,2011,0,7.9,,,7.9
2,UHF42,105,2010,0,9,,,9.0
2,UHF42,105,2009,0,9.2,,,9.2
2,UHF42,105,2008,0,9.7,,,9.7
2,UHF42,105,2007,0,7.8,,,7.8
2,UHF42,105,2006,0,9.8,,,9.8
2,UHF42,105,2005,0,9.2,,,9.2
2,UHF42,105,2004,0,9.1,,,9.1
2,UHF42,105,2003,0,8.7,,,8.7
2,UHF42,105,2002,0,8.8,,,8.8
2,UHF42,105,2001,0,9,,,9.0
2,UHF42,105,2000,0,9.1,,,9.1
2,UHF42,105,1999,0,8.3,,,8.3
2,UHF42,105,1998,0,9.1,,,9.1
2,UHF42,106,2013,0,8.9,,,8.9
2,UHF42,106,2012,0,8.4,,,8.4
2,UHF42,106,2011,0,8.7,,,8.7
2,UHF42,106,2010,0,8.8,,,8.8
2,UHF42,106,2009,0,9.8,,,9.8
2,UHF42,106,2008,0,9.2,,,9.2
2,UHF42,106,2007,0,9.1,,,9.1
2,UHF42,106,2006,0,8.5,,,8.5
2,UHF42,106,2005,0,9,,,9.0
2,UHF42,106,2004,0,9,,,9.0
2,UHF42,106,2003,0,8.2,,,8.2
2,UHF42,106,2002,0,8.9,,,8.9
2,UHF42,106,2001,0,9.1,,,9.1
2,UHF42,106,2000,0,9.7,,,9.7
2,UHF42,106,1999,0,9.7,,,9.7
2,UHF42,106,1998,0,9.6,,,9.6
2,UHF42,107,2013,0,7.9,,,7.9
2,UHF42,107,2012,0,9.6,,,9.6
2,UHF42,107,2011,0,9.1,,,9.1
2,UHF42,107,2010,0,8.7,,,8.7
2,UHF42,107,2009,0,8.5,,,8.5
2,UHF42,107,2008,0,8.7,,,8.7
2,UHF42,107,2007,0,9.4,,,9.4
2,UHF42,107,2006,0,8.4,,,8.4
2,UHF42,107,2005,0,9.3,,,9.3
2,UHF42,107,2004,0,8.4,,,8.4
2,UHF42,107,2003,0,8.5,,,8.5
2,UHF42,107,2002,0,8.4,,,8.4
2,UHF42,107,2001,0,8.9,,,8.9
2,UHF42,107,2000,0,10.8,,,10.8
2,UHF42,107,1999,0,9.6,,,9.6
2,UHF42,107,1998,0,9.8,,,9.8
2,UHF42,201,2013,0,4.8,,,4.8
2,UHF42,201,2012,0,5,,,5.0
2,UHF42,201,2011,0,3.9,,,3.9
2,UHF42,201,2010,0,4.3,,,4.3
2,UHF42,201,2009,0,5,,,5.0
2,UHF42,201,2008,0,5.3,,,5.3
2,UHF42,201,2007,0,4,,,4.0
2,UHF42,201,2006,0,5.4,,,5.4
2,UHF42,201,2005,0,4,,,4.0
2,UHF42,201,2004,0,5.2,,,5.2
2,UHF42,201,2003,0,5.3,,,5.3
2,UHF42,201,2002,0,4.8,,,4.8
2,UHF42,201,2001,0,5.9,,,5.9
2,UHF42,201,2000,0,4.2,,,4.2
2,UHF42,201,1999,0,5.3,,,5.3
2,UHF42,201,1998,0,5.2,,,5.2
2,UHF42,202,2013,0,5.7,,,5.7
2,UHF42,202,2012,0,5.6,,,5.6
2,UHF42,202,2011,0,5.7,,,5.7
2,UHF42,202,2010,0,5.9,,,5.9
2,UHF42,202,2009,0,5.8,,,5.8
2,UHF42,202,2008,0,6.1,,,6.1
2,UHF42,202,2007,0,6.7,,,6.7
2,UHF42,202,2006,0,6.8,,,6.8
2,UHF42,202,2005,0,6.3,,,6.3
2,UHF42,202,2004,0,7.3,,,7.3
2,UHF42,202,2003,0,7.2,,,7.2
2,UHF42,202,2002,0,7.5,,,7.5
2,UHF42,202,2001,0,6.8,,,6.8
2,UHF42,202,2000,0,7.3,,,7.3
2,UHF42,202,1999,0,6.9,,,6.9
2,UHF42,202,1998,0,7.9,,,7.9
2,UHF42,203,2013,0,9.1,,,9.1
2,UHF42,203,2012,0,10,,,10.0
2,UHF42,203,2011,0,11,,,11.0
2,UHF42,203,2010,0,11.2,,,11.2
2,UHF42,203,2009,0,11.6,,,11.6
2,UHF42,203,2008,0,11.4,,,11.4
2,UHF42,203,2007,0,9.6,,,9.6
2,UHF42,203,2006,0,11.6,,,11.6
2,UHF42,203,2005,0,12.7,,,12.7
2,UHF42,203,2004,0,11.6,,,11.6
2,UHF42,203,2003,0,10.9,,,10.9
2,UHF42,203,2002,0,11.1,,,11.1
2,UHF42,203,2001,0,11.9,,,11.9
2,UHF42,203,2000,0,10.4,,,10.4
2,UHF42,203,1999,0,11,,,11.0
2,UHF42,203,1998,0,11,,,11.0
2,UHF42,204,2013,0,9.9,,,9.9
2,UHF42,204,2012,0,10.2,,,10.2
2,UHF42,204,2011,0,10.6,,,10.6
2,UHF42,204,2010,0,10.6,,,10.6
2,UHF42,204,2009,0,11.5,,,11.5
2,UHF42,204,2008,0,10.6,,,10.6
2,UHF42,204,2007,0,11.7,,,11.7
2,UHF42,204,2006,0,12.4,,,12.4
2,UHF42,204,2005,0,11,,,11.0
2,UHF42,204,2004,0,11.9,,,11.9
2,UHF42,204,2003,0,10.9,,,10.9
2,UHF42,204,2002,0,10.9,,,10.9
2,UHF42,204,2001,0,10.4,,,10.4
2,UHF42,204,2000,0,9.9,,,9.9
2,UHF42,204,1999,0,9.6,,,9.6
2,UHF42,204,1998,0,10.4,,,10.4
2,UHF42,205,2013,0,5.8,,,5.8
2,UHF42,205,2012,0,5.7,,,5.7
2,UHF42,205,2011,0,5.4,,,5.4
2,UHF42,205,2010,0,6.1,,,6.1
2,UHF42,205,2009,0,6.2,,,6.2
2,UHF42,205,2008,0,5.7,,,5.7
2,UHF42,205,2007,0,7,,,7.0
2,UHF42,205,2006,0,6.3,,,6.3
2,UHF42,205,2005,0,6.6,,,6.6
2,UHF42,205,2004,0,6.6,,,6.6
2,UHF42,205,2003,0,7.6,,,7.6
2,UHF42,205,2002,0,6.6,,,6.6
2,UHF42,205,2001,0,6.9,,,6.9
2,UHF42,205,2000,0,6.9,,,6.9
2,UHF42,205,1999,0,6.6,,,6.6
2,UHF42,205,1998,0,7.9,,,7.9
2,UHF42,206,2013,0,4.8,,,4.8
2,UHF42,206,2012,0,5,,,5.0
2,UHF42,206,2011,0,5.6,,,5.6
2,UHF42,206,2010,0,5,,,5.0
2,UHF42,206,2009,0,5.5,,,5.5
2,UHF42,206,2008,0,5.4,,,5.4
2,UHF42,206,2007,0,5.2,,,5.2
2,UHF42,206,2006,0,5.5,,,5.5
2,UHF42,206,2005,0,5.5,,,5.5
2,UHF42,206,2004,0,5.5,,,5.5
2,UHF42,206,2003,0,5.4,,,5.4
2,UHF42,206,2002,0,5.2,,,5.2
2,UHF42,206,2001,0,4.6,,,4.6
2,UHF42,206,2000,0,4.8,,,4.8
2,UHF42,206,1999,0,4.7,,,4.7
2,UHF42,206,1998,0,5.1,,,5.1
2,UHF42,207,2013,0,10.2,,,10.2
2,UHF42,207,2012,0,10,,,10.0
2,UHF42,207,2011,0,10.6,,,10.6
2,UHF42,207,2010,0,10,,,10.0
2,UHF42,207,2009,0,10.8,,,10.8
2,UHF42,207,2008,0,10.3,,,10.3
2,UHF42,207,2007,0,9.7,,,9.7
2,UHF42,207,2006,0,9.8,,,9.8
2,UHF42,207,2005,0,10.4,,,10.4
2,UHF42,207,2004,0,10.6,,,10.6
2,UHF42,207,2003,0,9.5,,,9.5
2,UHF42,207,2002,0,9.7,,,9.7
2,UHF42,207,2001,0,10.5,,,10.5
2,UHF42,207,2000,0,10.5,,,10.5
2,UHF42,207,1999,0,9.1,,,9.1
2,UHF42,207,1998,0,10.2,,,10.2
2,UHF42,208,2013,0,10,,,10.0
2,UHF42,208,2012,0,9.6,,,9.6
2,UHF42,208,2011,0,10.1,,,10.1
2,UHF42,208,2010,0,10.8,,,10.8
2,UHF42,208,2009,0,11.5,,,11.5
2,UHF42,208,2008,0,10.6,,,10.6
2,UHF42,208,2007,0,11,,,11.0
2,UHF42,208,2006,0,10.5,,,10.5
2,UHF42,208,2005,0,10.3,,,10.3
2,UHF42,208,2004,0,10.3,,,10.3
2,UHF42,208,2003,0,9.4,,,9.4
2,UHF42,208,2002,0,10.3,,,10.3
2,UHF42,208,2001,0,9.1,,,9.1
2,UHF42,208,2000,0,9.3,,,9.3
2,UHF42,208,1999,0,8.8,,,8.8
2,UHF42,208,1998,0,9.1,,,9.1
2,UHF42,209,2013,0,5.2,,,5.2
2,UHF42,209,2012,0,6.1,,,6.1
2,UHF42,209,2011,0,5.9,,,5.9
2,UHF42,209,2010,0,5.8,,,5.8
2,UHF42,209,2009,0,6.6,,,6.6
2,UHF42,209,2008,0,6.6,,,6.6
2,UHF42,209,2007,0,6.5,,,6.5
2,UHF42,209,2006,0,6.2,,,6.2
2,UHF42,209,2005,0,8.3,,,8.3
2,UHF42,209,2004,0,5.9,,,5.9
2,UHF42,209,2003,0,6.8,,,6.8
2,UHF42,209,2002,0,5.1,,,5.1
2,UHF42,209,2001,0,5.6,,,5.6
2,UHF42,209,2000,0,6.6,,,6.6
2,UHF42,209,1999,0,5.1,,,5.1
2,UHF42,209,1998,0,6.8,,,6.8
2,UHF42,210,2013,0,6.5,,,6.5
2,UHF42,210,2012,0,7.1,,,7.1
2,UHF42,210,2011,0,6.4,,,6.4
2,UHF42,210,2010,0,6.9,,,6.9
2,UHF42,210,2009,0,6.4,,,6.4
2,UHF42,210,2008,0,7.2,,,7.2
2,UHF42,210,2007,0,7.5,,,7.5
2,UHF42,210,2006,0,6.7,,,6.7
2,UHF42,210,2005,0,6.2,,,6.2
2,UHF42,210,2004,0,6.8,,,6.8
2,UHF42,210,2003,0,6.2,,,6.2
2,UHF42,210,2002,0,6.5,,,6.5
2,UHF42,210,2001,0,6,,,6.0
2,UHF42,210,2000,0,5.9,,,5.9
2,UHF42,210,1999,0,5.2,,,5.2
2,UHF42,210,1998,0,5.8,,,5.8
2,UHF42,211,2013,0,7.3,,,7.3
2,UHF42,211,2012,0,8.1,,,8.1
2,UHF42,211,2011,0,7.3,,,7.3
2,UHF42,211,2010,0,8.8,,,8.8
2,UHF42,211,2009,0,8.5,,,8.5
2,UHF42,211,2008,0,8.9,,,8.9
2,UHF42,211,2007,0,7.9,,,7.9
2,UHF42,211,2006,0,7.8,,,7.8
2,UHF42,211,2005,0,9.5,,,9.5
2,UHF42,211,2004,0,8.8,,,8.8
2,UHF42,211,2003,0,8.8,,,8.8
2,UHF42,211,2002,0,8.7,,,8.7
2,UHF42,211,2001,0,8.6,,,8.6
2,UHF42,211,2000,0,9.4,,,9.4
2,UHF42,211,1999,0,9.4,,,9.4
2,UHF42,211,1998,0,8.6,,,8.6
2,UHF42,301,2013,0,6.9,,,6.9
2,UHF42,301,2012,0,6.8,,,6.8
2,UHF42,301,2011,0,6.9,,,6.9
2,UHF42,301,2010,0,7.2,,,7.2
2,UHF42,301,2009,0,7.2,,,7.2
2,UHF42,301,2008,0,6.9,,,6.9
2,UHF42,301,2007,0,6.4,,,6.4
2,UHF42,301,2006,0,7.9,,,7.9
2,UHF42,301,2005,0,7.7,,,7.7
2,UHF42,301,2004,0,7.9,,,7.9
2,UHF42,301,2003,0,9.1,,,9.1
2,UHF42,301,2002,0,8,,,8.0
2,UHF42,301,2001,0,7.6,,,7.6
2,UHF42,301,2000,0,7.5,,,7.5
2,UHF42,301,1999,0,8.3,,,8.3
2,UHF42,301,1998,0,8.6,,,8.6
2,UHF42,302,2013,0,8.9,,,8.9
2,UHF42,302,2012,0,8.8,,,8.8
2,UHF42,302,2011,0,8.8,,,8.8
2,UHF42,302,2010,0,9.8,,,9.8
2,UHF42,302,2009,0,9.1,,,9.1
2,UHF42,302,2008,0,10.1,,,10.1
2,UHF42,302,2007,0,9,,,9.0
2,UHF42,302,2006,0,8.9,,,8.9
2,UHF42,302,2005,0,9.7,,,9.7
2,UHF42,302,2004,0,9.4,,,9.4
2,UHF42,302,2003,0,10.2,,,10.2
2,UHF42,302,2002,0,9.1,,,9.1
2,UHF42,302,2001,0,10.3,,,10.3
2,UHF42,302,2000,0,10.7,,,10.7
2,UHF42,302,1999,0,11,,,11.0
2,UHF42,302,1998,0,11.4,,,11.4
2,UHF42,303,2013,0,8,,,8.0
2,UHF42,303,2012,0,8.6,,,8.6
2,UHF42,303,2011,0,9.1,,,9.1
2,UHF42,303,2010,0,10.4,,,10.4
2,UHF42,303,2009,0,10.7,,,10.7
2,UHF42,303,2008,0,10.5,,,10.5
2,UHF42,303,2007,0,8.2,,,8.2
2,UHF42,303,2006,0,9.7,,,9.7
2,UHF42,303,2005,0,11.6,,,11.6
2,UHF42,303,2004,0,11.1,,,11.1
2,UHF42,303,2003,0,10.1,,,10.1
2,UHF42,303,2002,0,9.5,,,9.5
2,UHF42,303,2001,0,10.8,,,10.8
2,UHF42,303,2000,0,11.3,,,11.3
2,UHF42,303,1999,0,12,,,12.0
2,UHF42,303,1998,0,11.4,,,11.4
2,UHF42,304,2013,0,4.2,,,4.2
2,UHF42,304,2012,0,5.5,,,5.5
2,UHF42,304,2011,0,5.9,,,5.9
2,UHF42,304,2010,0,5.1,,,5.1
2,UHF42,304,2009,0,5.4,,,5.4
2,UHF42,304,2008,0,4.9,,,4.9
2,UHF42,304,2007,0,5.4,,,5.4
2,UHF42,304,2006,0,5.1,,,5.1
2,UHF42,304,2005,0,6.2,,,6.2
2,UHF42,304,2004,0,6.1,,,6.1
2,UHF42,304,2003,0,5.8,,,5.8
2,UHF42,304,2002,0,7.1,,,7.1
2,UHF42,304,2001,0,5.9,,,5.9
2,UHF42,304,2000,0,6.3,,,6.3
2,UHF42,304,1999,0,5.4,,,5.4
2,UHF42,304,1998,0,5.9,,,5.9
2,UHF42,305,2013,0,4.1,,,4.1
2,UHF42,305,2012,0,3.8,,,3.8
2,UHF42,305,2011,0,4.3,,,4.3
2,UHF42,305,2010,0,5.2,,,5.2
2,UHF42,305,2009,0,5.3,,,5.3
2,UHF42,305,2008,0,4.7,,,4.7
2,UHF42,305,2007,0,4.7,,,4.7
2,UHF42,305,2006,0,5.9,,,5.9
2,UHF42,305,2005,0,4.8,,,4.8
2,UHF42,305,2004,0,6.2,,,6.2
2,UHF42,305,2003,0,4.8,,,4.8
2,UHF42,305,2002,0,5.4,,,5.4
2,UHF42,305,2001,0,4.9,,,4.9
2,UHF42,305,2000,0,5.1,,,5.1
2,UHF42,305,1999,0,5.1,,,5.1
2,UHF42,305,1998,0,4.9,,,4.9
2,UHF42,306,2013,0,5.9,,,5.9
2,UHF42,306,2012,0,5.5,,,5.5
2,UHF42,306,2011,0,5.8,,,5.8
2,UHF42,306,2010,0,5,,,5.0
2,UHF42,306,2009,0,5,,,5.0
2,UHF42,306,2008,0,5.7,,,5.7
2,UHF42,306,2007,0,5.8,,,5.8
2,UHF42,306,2006,0,7.1,,,7.1
2,UHF42,306,2005,0,6.5,,,6.5
2,UHF42,306,2004,0,7.5,,,7.5
2,UHF42,306,2003,0,5.7,,,5.7
2,UHF42,306,2002,0,7.2,,,7.2
2,UHF42,306,2001,0,6.3,,,6.3
2,UHF42,306,2000,0,8.1,,,8.1
2,UHF42,306,1999,0,8.5,,,8.5
2,UHF42,306,1998,0,7.2,,,7.2
2,UHF42,307,2013,0,3.3,,,3.3
2,UHF42,307,2012,0,4.8,,,4.8
2,UHF42,307,2011,0,5.2,,,5.2
2,UHF42,307,2010,0,4.9,,,4.9
2,UHF42,307,2009,0,4.5,,,4.5
2,UHF42,307,2008,0,4.8,,,4.8
2,UHF42,307,2007,0,5,,,5.0
2,UHF42,307,2006,0,5.1,,,5.1
2,UHF42,307,2005,0,5.9,,,5.9
2,UHF42,307,2004,0,6.4,,,6.4
2,UHF42,307,2003,0,5.9,,,5.9
2,UHF42,307,2002,0,3.2,,,3.2
2,UHF42,307,2001,0,5.4,,,5.4
2,UHF42,307,2000,0,4,,,4.0
2,UHF42,307,1999,0,5.9,,,5.9
2,UHF42,307,1998,0,4.6,,,4.6
2,UHF42,308,2013,0,4.8,,,4.8
2,UHF42,308,2012,0,4.4,,,4.4
2,UHF42,308,2011,0,4.8,,,4.8
2,UHF42,308,2010,0,3.8,,,3.8
2,UHF42,308,2009,0,4.5,,,4.5
2,UHF42,308,2008,0,4.7,,,4.7
2,UHF42,308,2007,0,4.9,,,4.9
2,UHF42,308,2006,0,4.7,,,4.7
2,UHF42,308,2005,0,4,,,4.0
2,UHF42,308,2004,0,6.2,,,6.2
2,UHF42,308,2003,0,4.6,,,4.6
2,UHF42,308,2002,0,4.5,,,4.5
2,UHF42,308,2001,0,6.1,,,6.1
2,UHF42,308,2000,0,4.6,,,4.6
2,UHF42,308,1999,0,3.8,,,3.8
2,UHF42,308,1998,0,4.3,,,4.3
2,UHF42,309,2013,0,6.5,,,6.5
2,UHF42,309,2012,0,6,,,6.0
2,UHF42,309,2011,0,7.2,,,7.2
2,UHF42,309,2010,0,6.1,,,6.1
2,UHF42,309,2009,0,6,,,6.0
2,UHF42,309,2008,0,6.4,,,6.4
2,UHF42,309,2007,0,5.7,,,5.7
2,UHF42,309,2006,0,6.4,,,6.4
2,UHF42,309,2005,0,6.1,,,6.1
2,UHF42,309,2004,0,6.2,,,6.2
2,UHF42,309,2003,0,6.1,,,6.1
2,UHF42,309,2002,0,6.7,,,6.7
2,UHF42,309,2001,0,6.3,,,6.3
2,UHF42,309,2000,0,6.4,,,6.4
2,UHF42,309,1999,0,6.1,,,6.1
2,UHF42,309,1998,0,7.5,,,7.5
2,UHF42,310,2013,0,4.7,,,4.7
2,UHF42,310,2012,0,6.5,,,6.5
2,UHF42,310,2011,0,3.7,,,3.7
2,UHF42,310,2010,0,4.6,,,4.6
2,UHF42,310,2009,0,4.4,,,4.4
2,UHF42,310,2008,0,7.1,,,7.1
2,UHF42,310,2007,0,5.3,,,5.3
2,UHF42,310,2006,0,6.4,,,6.4
2,UHF42,310,2005,0,5.1,,,5.1
2,UHF42,310,2004,0,4.3,,,4.3
2,UHF42,310,2003,0,4.6,,,4.6
2,UHF42,310,2002,0,6.6,,,6.6
2,UHF42,310,2001,0,5.2,,,5.2
2,UHF42,310,2000,0,7.9,,,7.9
2,UHF42,310,1999,0,5.9,,,5.9
2,UHF42,310,1998,0,5.9,,,5.9
2,UHF42,401,2013,0,5.9,,,5.9
2,UHF42,401,2012,0,6.3,,,6.3
2,UHF42,401,2011,0,6.8,,,6.8
2,UHF42,401,2010,0,7.5,,,7.5
2,UHF42,401,2009,0,6.4,,,6.4
2,UHF42,401,2008,0,7.2,,,7.2
2,UHF42,401,2007,0,7.1,,,7.1
2,UHF42,401,2006,0,7,,,7.0
2,UHF42,401,2005,0,6.6,,,6.6
2,UHF42,401,2004,0,6.9,,,6.9
2,UHF42,401,2003,0,7.3,,,7.3
2,UHF42,401,2002,0,7.5,,,7.5
2,UHF42,401,2001,0,6.3,,,6.3
2,UHF42,401,2000,0,7.5,,,7.5
2,UHF42,401,1999,0,7.9,,,7.9
2,UHF42,401,1998,0,6.5,,,6.5
2,UHF42,402,2013,0,6.4,,,6.4
2,UHF42,402,2012,0,6.2,,,6.2
2,UHF42,402,2011,0,6.5,,,6.5
2,UHF42,402,2010,0,6.4,,,6.4
2,UHF42,402,2009,0,6.5,,,6.5
2,UHF42,402,2008,0,7,,,7.0
2,UHF42,402,2007,0,6.5,,,6.5
2,UHF42,402,2006,0,7.1,,,7.1
2,UHF42,402,2005,0,7.3,,,7.3
2,UHF42,402,2004,0,6.9,,,6.9
2,UHF42,402,2003,0,6.9,,,6.9
2,UHF42,402,2002,0,6.5,,,6.5
2,UHF42,402,2001,0,6.6,,,6.6
2,UHF42,402,2000,0,6.5,,,6.5
2,UHF42,402,1999,0,6.5,,,6.5
2,UHF42,402,1998,0,7.2,,,7.2
2,UHF42,403,2013,0,5.2,,,5.2
2,UHF42,403,2012,0,5.5,,,5.5
2,UHF42,403,2011,0,5.5,,,5.5
2,UHF42,403,2010,0,6.7,,,6.7
2,UHF42,403,2009,0,5.5,,,5.5
2,UHF42,403,2008,0,6.2,,,6.2
2,UHF42,403,2007,0,6.1,,,6.1
2,UHF42,403,2006,0,6.6,,,6.6
2,UHF42,403,2005,0,5,,,5.0
2,UHF42,403,2004,0,6.1,,,6.1
2,UHF42,403,2003,0,5.5,,,5.5
2,UHF42,403,2002,0,5.5,,,5.5
2,UHF42,403,2001,0,5.3,,,5.3
2,UHF42,403,2000,0,5.3,,,5.3
2,UHF42,403,1999,0,5.1,,,5.1
2,UHF42,403,1998,0,5.9,,,5.9
2,UHF42,404,2013,0,6.6,,,6.6
2,UHF42,404,2012,0,5.7,,,5.7
2,UHF42,404,2011,0,4.5,,,4.5
2,UHF42,404,2010,0,6,,,6.0
2,UHF42,404,2009,0,4.1,,,4.1
2,UHF42,404,2008,0,4.2,,,4.2
2,UHF42,404,2007,0,7.1,,,7.1
2,UHF42,404,2006,0,7.8,,,7.8
2,UHF42,404,2005,0,6.6,,,6.6
2,UHF42,404,2004,0,6.1,,,6.1
2,UHF42,404,2003,0,5.7,,,5.7
2,UHF42,404,2002,0,8,,,8.0
2,UHF42,404,2001,0,6.5,,,6.5
2,UHF42,404,2000,0,4.5,,,4.5
2,UHF42,404,1999,0,5.1,,,5.1
2,UHF42,404,1998,0,7.5,,,7.5
2,UHF42,405,2013,0,6.2,,,6.2
2,UHF42,405,2012,0,5.9,,,5.9
2,UHF42,405,2011,0,6.5,,,6.5
2,UHF42,405,2010,0,5.3,,,5.3
2,UHF42,405,2009,0,6.7,,,6.7
2,UHF42,405,2008,0,5.8,,,5.8
2,UHF42,405,2007,0,7.2,,,7.2
2,UHF42,405,2006,0,6.3,,,6.3
2,UHF42,405,2005,0,7.5,,,7.5
2,UHF42,405,2004,0,7.4,,,7.4
2,UHF42,405,2003,0,6.4,,,6.4
2,UHF42,405,2002,0,6.2,,,6.2
2,UHF42,405,2001,0,5.9,,,5.9
2,UHF42,405,2000,0,6,,,6.0
2,UHF42,405,1999,0,5.5,,,5.5
2,UHF42,405,1998,0,5.7,,,5.7
2,UHF42,406,2013,0,5.5,,,5.5
2,UHF42,406,2012,0,6.2,,,6.2
2,UHF42,406,2011,0,6.8,,,6.8
2,UHF42,406,2010,0,7.2,,,7.2
2,UHF42,406,2009,0,6.3,,,6.3
2,UHF42,406,2008,0,6.9,,,6.9
2,UHF42,406,2007,0,5.9,,,5.9
2,UHF42,406,2006,0,4.7,,,4.7
2,UHF42,406,2005,0,6.6,,,6.6
2,UHF42,406,2004,0,6,,,6.0
2,UHF42,406,2003,0,6,,,6.0
2,UHF42,406,2002,0,6.6,,,6.6
2,UHF42,406,2001,0,5.1,,,5.1
2,UHF42,406,2000,0,6.4,,,6.4
2,UHF42,406,1999,0,5.1,,,5.1
2,UHF42,406,1998,0,4.7,,,4.7
2,UHF42,407,2013,0,7.9,,,7.9
2,UHF42,407,2012,0,7.9,,,7.9
2,UHF42,407,2011,0,8.6,,,8.6
2,UHF42,407,2010,0,8.7,,,8.7
2,UHF42,407,2009,0,8.5,,,8.5
2,UHF42,407,2008,0,8.4,,,8.4
2,UHF42,407,2007,0,9.4,,,9.4
2,UHF42,407,2006,0,9,,,9.0
2,UHF42,407,2005,0,10.2,,,10.2
2,UHF42,407,2004,0,9.7,,,9.7
2,UHF42,407,2003,0,8.1,,,8.1
2,UHF42,407,2002,0,7.8,,,7.8
2,UHF42,407,2001,0,8.2,,,8.2
2,UHF42,407,2000,0,8,,,8.0
2,UHF42,407,1999,0,7.9,,,7.9
2,UHF42,407,1998,0,9,,,9.0
2,UHF42,408,2013,0,8.7,,,8.7
2,UHF42,408,2012,0,8.9,,,8.9
2,UHF42,408,2011,0,9.5,,,9.5
2,UHF42,408,2010,0,10.3,,,10.3
2,UHF42,408,2009,0,9.2,,,9.2
2,UHF42,408,2008,0,10.6,,,10.6
2,UHF42,408,2007,0,9.8,,,9.8
2,UHF42,408,2006,0,10.2,,,10.2
2,UHF42,408,2005,0,10.2,,,10.2
2,UHF42,408,2004,0,10.8,,,10.8
2,UHF42,408,2003,0,9.3,,,9.3
2,UHF42,408,2002,0,9,,,9.0
2,UHF42,408,2001,0,9.3,,,9.3
2,UHF42,408,2000,0,8.4,,,8.4
2,UHF42,408,1999,0,8.7,,,8.7
2,UHF42,408,1998,0,9.9,,,9.9
2,UHF42,409,2013,0,8.9,,,8.9
2,UHF42,409,2012,0,9.6,,,9.6
2,UHF42,409,2011,0,8.6,,,8.6
2,UHF42,409,2010,0,8.8,,,8.8
2,UHF42,409,2009,0,9.2,,,9.2
2,UHF42,409,2008,0,11.4,,,11.4
2,UHF42,409,2007,0,9,,,9.0
2,UHF42,409,2006,0,10.8,,,10.8
2,UHF42,409,2005,0,10.6,,,10.6
2,UHF42,409,2004,0,9.4,,,9.4
2,UHF42,409,2003,0,11.1,,,11.1
2,UHF42,409,2002,0,8.2,,,8.2
2,UHF42,409,2001,0,10,,,10.0
2,UHF42,409,2000,0,10,,,10.0
2,UHF42,409,1999,0,8.5,,,8.5
2,UHF42,409,1998,0,8.6,,,8.6
2,UHF42,410,2013,0,9.2,,,9.2
2,UHF42,410,2012,0,8.7,,,8.7
2,UHF42,410,2011,0,7.6,,,7.6
2,UHF42,410,2010,0,9.9,,,9.9
2,UHF42,410,2009,0,10,,,10.0
2,UHF42,410,2008,0,9.3,,,9.3
2,UHF42,410,2007,0,9.7,,,9.7
2,UHF42,410,2006,0,10.8,,,10.8
2,UHF42,410,2005,0,10.8,,,10.8
2,UHF42,410,2004,0,10.5,,,10.5
2,UHF42,410,2003,0,11.4,,,11.4
2,UHF42,410,2002,0,10.1,,,10.1
2,UHF42,410,2001,0,9.7,,,9.7
2,UHF42,410,2000,0,11.7,,,11.7
2,UHF42,410,1999,0,9,,,9.0
2,UHF42,410,1998,0,10.7,,,10.7
2,UHF42,501,2013,0,8.9,,,8.9
2,UHF42,501,2012,0,8.5,,,8.5
2,UHF42,501,2011,0,7.3,,,7.3
2,UHF42,501,2010,0,8.1,,,8.1
2,UHF42,501,2009,0,8.4,,,8.4
2,UHF42,501,2008,0,9.9,,,9.9
2,UHF42,501,2007,0,9.4,,,9.4
2,UHF42,501,2006,0,8.6,,,8.6
2,UHF42,501,2005,0,9.7,,,9.7
2,UHF42,501,2004,0,9.2,,,9.2
2,UHF42,501,2003,0,9.1,,,9.1
2,UHF42,501,2002,0,7.4,,,7.4
2,UHF42,501,2001,0,9.7,,,9.7
2,UHF42,501,2000,0,9.6,,,9.6
2,UHF42,501,1999,0,10.2,,,10.2
2,UHF42,501,1998,0,8.9,,,8.9
2,UHF42,502,2013,0,6.9,,,6.9
2,UHF42,502,2012,0,7.6,,,7.6
2,UHF42,502,2011,0,7.5,,,7.5
2,UHF42,502,2010,0,7.1,,,7.1
2,UHF42,502,2009,0,8.6,,,8.6
2,UHF42,502,2008,0,8.1,,,8.1
2,UHF42,502,2007,0,8.1,,,8.1
2,UHF42,502,2006,0,7.7,,,7.7
2,UHF42,502,2005,0,8.8,,,8.8
2,UHF42,502,2004,0,9.7,,,9.7
2,UHF42,502,2003,0,8.2,,,8.2
2,UHF42,502,2002,0,10,,,10.0
2,UHF42,502,2001,0,8.9,,,8.9
2,UHF42,502,2000,0,7.4,,,7.4
2,UHF42,502,1999,0,9,,,9.0
2,UHF42,502,1998,0,8.9,,,8.9
2,UHF42,503,2013,0,6.5,,,6.5
2,UHF42,503,2012,0,6.8,,,6.8
2,UHF42,503,2011,0,6.4,,,6.4
2,UHF42,503,2010,0,7,,,7.0
2,UHF42,503,2009,0,5.6,,,5.6
2,UHF42,503,2008,0,6.5,,,6.5
2,UHF42,503,2007,0,7.6,,,7.6
2,UHF42,503,2006,0,7.2,,,7.2
2,UHF42,503,2005,0,7.7,,,7.7
2,UHF42,503,2004,0,8.3,,,8.3
2,UHF42,503,2003,0,7,,,7.0
2,UHF42,503,2002,0,6.5,,,6.5
2,UHF42,503,2001,0,6.7,,,6.7
2,UHF42,503,2000,0,8.2,,,8.2
2,UHF42,503,1999,0,7.7,,,7.7
2,UHF42,503,1998,0,7.7,,,7.7
2,UHF42,504,2013,0,5.6,,,5.6
2,UHF42,504,2012,0,5.6,,,5.6
2,UHF42,504,2011,0,6.7,,,6.7
2,UHF42,504,2010,0,6,,,6.0
2,UHF42,504,2009,0,6.8,,,6.8
2,UHF42,504,2008,0,6.5,,,6.5
2,UHF42,504,2007,0,6.8,,,6.8
2,UHF42,504,2006,0,8.5,,,8.5
2,UHF42,504,2005,0,7.7,,,7.7
2,UHF42,504,2004,0,8.6,,,8.6
2,UHF42,504,2003,0,6.3,,,6.3
2,UHF42,504,2002,0,7.1,,,7.1
2,UHF42,504,2001,0,5.8,,,5.8
2,UHF42,504,2000,0,7.2,,,7.2
2,UHF42,504,1999,0,6.6,,,6.6
2,UHF42,504,1998,0,6.6,,,6.6
2,Citywide,1,2013,0,7.1,,,7.1
2,Citywide,1,2012,0,7.2,,,7.2
2,Citywide,1,2011,0,7.4,,,7.4
2,Citywide,1,2010,0,7.6,,,7.6
2,Citywide,1,2009,0,7.7,,,7.7
2,Citywide,1,2008,0,7.9,,,7.9
2,Citywide,1,2007,0,7.7,,,7.7
2,Citywide,1,2006,0,8,,,8.0
2,Citywide,1,2005,0,8.2,,,8.2
2,Citywide,1,2004,0,8.2,,,8.2
2,Citywide,1,2003,0,7.8,,,7.8
2,Citywide,1,2002,0,7.7,,,7.7
2,Citywide,1,2001,0,7.8,,,7.8
2,Citywide,1,2000,0,7.9,,,7.9
2,Citywide,1,1999,0,7.7,,,7.7
2,Citywide,1,1998,0,8,,,8.0